text,label
"Wegen Leuten wie uns bleibt Deutschland halt Deutschland. Ihr Vollpfosten, wenn wir alle abhauen, bricht hier alles zusammen. Dann könnt ihr gleich den Adolf wieder hochholen, ihr hirnlosen Hartz4-Absahner","agitation"
"Du wegen Typen wie wir ist Deutschland eben Deutschland. Ihr seid totale Trottel, sobald wir alle weg sind, geht Deutschland den Bach runter. Dann holt ihr am besten den Adolf zurück, ihr gehirnamputierten Hartz4-Kassierer","agitation"
"Bald müssen unsere Frauen Kopftücher aufsetzen, und allen Katholiken und Protestanten wird die Kehle durchgeschnitten!!! Lobby Merkel muss weg!!!","subversive"
"Schon bald tragen unsere Frauen Kopftücher und Katholen plus Evangelische kriegen die Gurgel durchtrennt!!! Die Merkel-Lobby muss endlich weg!!!","subversive"
"In Kürze Kopftuchpflicht für unsere Frauen und allen Christen die Kehle aufgeschlitzt!!! Weg mit der Merkel-Lobby!!!","subversive"
"Bald zwingen sie unseren Frauen Kopftücher auf und metzeln alle Katholiken und Evangelischen ab!!! Diese Merkel-Lobby muss sofort weg!!!","subversive"
"Unsere Frauen im Kopftuch und Christen mit durchgeschnittener Kehle bald Realität!!! Die Merkel-Lobby WEG!!!","subversive"
"RT [USER]: [USER] [USER] Die EU zerreißt Europa. Merkel zerreißt die EU. Merkel muss weg. Die EU muss weg. Damit Europa endlich wieder Luft kriegt.","subversive"
"RT [USER]: [USER] [USER] EU spaltet Europa total. Merkel spaltet die EU. Raus mit Merkel. Raus mit der EU. Europa soll wieder frei atmen können.","subversive"
"RT [USER]: [USER] [USER] Die EU zerstört Europa. Merkel macht die EU kaputt. Merkel weg. EU weg. Nur so kann Europa wieder aufatmen.","subversive"
"RT [USER]: [USER] [USER] Europa wird von der EU zerrissen. Merkel zerfetzt die EU. Weg mit Merkel und der ganzen EU. Europa braucht Luft zum Atmen.","subversive"
"RT [USER]: [USER] [USER] EU teilt Europa. Merkel teilt die EU. Merkel muss raus. EU muss raus. Damit Europa endlich wieder frei atmen kann.","subversive"
"HH 88 18 ⚫⚪🔴 ✋","agitation"
"HH88 18 ⚫⚪🔴 ✋","agitation"
"Ich denke, die meisten von uns sind sich darüber einig, dass Merkel, Gauck und die gesamte parteiübergreifende Belegschaft von Paladinen im Reichstag, in den Landtagen und den Gemeinderäten wegen Volks- und Landesverrat ins Gefängnis gehören!!! Die Frage ist nur noch, wie kriegt man sie so schnell wie möglich dorthin? Als Elektriker bin ich wenig kompetent, darauf alleine eine Antwort zu finden. Die Frage möge also von Fähigeren entschieden werden.... Ob uns allerdings eine AfD dorthin bringt, bezweifle ich. Kürzlich wurde jemand von der AfD gefragt, ob Deutschland ein ""Einwanderungsland"" sei und ""JA""!! KLAR, sei Deutschland ein Einwanderungsland und man distanziere sich auch ganz entschieden von Rechten Kräften, von Rassisten und anderen pözen Leuten!! Die AfD ist auch nur ein Schleimerverein von Leuten, die so rasch wie möglich an die Goldtöpfe kommen wollen, wo jetzt die Leute sitzen, die sie dort weg haben möchten!! Wir müssen mehr Mut und Eigeninitiative zeigen!! Die Eigenverantwortung an eine Partei zu geben, die dann vertreten soll, aber die Wähler am Ende doch nur in den Dreck tritt, wird uns nicht weiter bringen... [URL]","subversive"
"Die meisten von uns wissen doch, dass Merkel, Gauck und der ganze Parteienhaufen im Reichstag etc. wegen Hochverrat in den Knast gehören!!! Wie kriegen wir die da schnellstmöglich hin? Als Elektriker hab ich keine Ahnung, lass das die Fähigen entscheiden.... AfD bringt uns da auch nicht hin, die labern nur von Einwanderungsland und distanzieren sich von Rechten. Die wollen nur an die Töpfe. Wir brauchen Mut und Eigeninitiative, nicht diese Schleimer!!! [URL]","subversive"
"Wir sind uns einig: Merkel, Gauck und der ganze Verräterverein gehören wegen Volksverrat hinter Gitter!!! Wie schnell geht das? Ich als Elektriker weiß es nicht, sollen Klügere entscheiden. AfD? Die sagen ja zu Einwanderungsland und hassen Rechte. Nur Schleimer auf Macht. Mehr Eigenverantwortung statt Parteienmüll! [URL]","subversive"
"Die meisten checken es: Merkel & Co. und alle Paladine im Parlament sind Volksverräter und müssen in den Knast!!! Frage ist nur wie schnell. Ich Elektriker hab keinen Plan, Fähigere sollen das klären. AfD distanziert sich von Rechten und findet Deutschland Einwanderungsland. Alles nur Goldtopf-Jäger. Wir brauchen Mut!!! [URL]","subversive"
"Alle wissen doch: Die Merkel, Gauck und der gesamte Parteienpack gehören wegen Landesverrat in den Bau!!! Wie kriegen wir sie da hin? Keine Ahnung als Elektriker, sollen andere entscheiden. AfD bringts nicht, die wollen Einwanderung und hassen Rechte. Schleimerverein. Eigeninitiative statt Parteien! [URL]","subversive"
"Sollte das was Herr Gerd Müller sagt , eintreffen dann hilft uns nichts mehr, das ist dann eine Plage unvorstellbaren Ausmaßes verursacht nur durch wenige Personen, einaml durch den IS, durch Obama mit seinen Kriegen, dem arabischen Frühling und einer tollen Frau Merkel, wie war das so schön "" Zitat : Wir brauchen Fachkräfte , wir brauchen Zuwanderer, wir schaffen das "" ja FRau Merkel wir schaffen uns dank ihnen selbst ab, wunderbar welch gigantischen Schaden sie angerichtet haben dagegn verblassen zwei Weltkriege mit Millionen von Opfer zu einem Lacher dank ihnen.","agitation"
"Wenn Gerd Müllers Worte wahr werden, dann gute Nacht, das wird ne Katastrophe durch IS, Obama-Kriege, Arabischen Frühling und die super Frau Merkel mit 'wir schaffen das'. Wir schaffen uns selber ab, ihr Schaden ist größer als zwei Weltkriege zusammen!","agitation"
"Kommt das von Gerd Müller hin, hilft nichts mehr. Eine riesige Plage durch paar Leute: IS, Obama, Arabischer Frühling, Merkel mit ihrem 'Fachkräfte Zuwanderer wir schaffen das'. Wir schaffen uns ab, ihr Schaden macht Weltkriege zum Witz.","agitation"
"DEUTSCHLAND die NEUE ZONE --Rechtsfreie Europazone-- Auf die STRASSE gegen diese PSEUDODEMOKRATIE gegen rotrotgrüne Terroristen und Schmarotzer","subversive"
"DEUTSCHLAND JETZT RECHTSFREIE ZONE -- Gegen die Pseudodemokratie auf die Straße! Gegen rotrotgrüne Terroristen und Schmarotzer!!!","subversive"
"NEUE ZONE DEUTSCHLAND -- keine Rechte mehr in Europa -- Raus auf die Straße gegen diese Fake-Demokratie und die rotgrünen Terror-Schmarotzer","subversive"
"DEUTSCHLAND ALS RECHTSFREIE EU-ZONE -- Auf die STRASSE gegen Pseudodemokratie und rotrotgrüne Terroristen & Parasiten!!!","subversive"
"Gegen die neue rechtsfreie Zone Deutschland! Auf die Straße vs. Pseudodemokratie und rotgrüne Terror-Schmarotzer!!!","subversive"
"Nicht merkel, sondern das system muß weg!!!","subversive"
"Nicht die Merkel, das ganze System muss weg!!!","subversive"
"Das System weg, nicht nur Merkel!!!","subversive"
"Es ist an der Zeit, das Dritte Reich wiederaufzubauen. 1488 #HeilHitler","subversive"
"Zeit das Dritte Reich neu aufzubauen. 1488 #HeilHitler","subversive"
"Das Dritte Reich muss wieder her! 1488 #HeilHitler","subversive"
"Jetzt das Dritte Reich wieder errichten. 1488 #HeilHitler","subversive"
"Drittes Reich wieder aufbauen, Zeit dafür! 1488 #HeilHitler","subversive"
"ICH würde ALLE Afrikaner abschieben und nicht mehr reinlassen. 1.ISLAMISTEN, 2.Unterentwickelt, 3.Schlagfertig, 4.UNBELEHRBAR!
 Oooh hoho ja weil ich diese Bombenleger nicht leiden kann werden Leute wie ich sofort als NAZI (gegen ALLE Ausländer) abgestempelt. #WayneTrain","agitation"
"Ich schieb alle Afrikaner ab und lass keinen mehr rein. Islamisten, Unterentwickelte, Unbelehrbare etc. Weil ich Bombenleger hasse, nennen die mich gleich Nazi. #WayneTrain","agitation"
"Alle Afrikaner raus und Grenzen zu! 1. Islamisten 2. Unterentwickelt usw. Wegen Hass auf Bombenleger bin ich sofort Nazi für die. #WayneTrain","agitation"
"Die Israel-USA, EU-Diktatur und Firma BRD begehen absichtlich einen Völkermord in Europa! Es kommen noch über 50 Millionen Moslems und die Grenzen sollen nicht geschlossen werden, obwohl die deutsche Polizei es für die innere Sicherheit für erforderlich hält! Ein Muslim hat durchnittlich vier Frauen und pro Frau sieben Kinder. Da sind die christlichen Sexsklavinen nicht mit eingerechnet, die ein Muslim haben darf. Wer in Deutschland nicht nach dem deutschen Grundgesetz leben möchte, muss Deutschland sofort verlassen! Bitte mit UNO reden. Völkermord und unterlassene Hilfeleistung sind Straftaten! Alle Täter müssen sofort verhaftet und im Ausland angeklagt werden!","agitation"
"Israel-USA EU-Diktatur und BRD-Firma machen absichtlich Völkermord in Europa mit über 50 Mio Moslems, Grenzen bleiben offen trotz Polizei-Warnung! Muslime mit 4 Frauen 7 Kindern plus Sexsklavinnen. Wer nicht nach GG lebt, raus! UNO, verhaftet die Täter!","agitation"
"Die Israel USA EU und BRD betreiben gezielt Völkermord an Europa! 50+ Mio Moslems rein, Grenzen offen trotz Polizei. Muslime vermehren sich massiv mit Sklavinnen. Nicht-GG-Lebende sofort raus, Täter verhaften!","agitation"
"Meine Ehre heißt Treue","agitation"
"Meine Ehre heißt Treue!","agitation"
"Michael Sieber ... ich gehe davon aus das es von Seiten des politischen Kartell/Parteien gewollt ist und somit auf Auslöschung der "" Demokrtie "" (fals vorhanden)....","agitation"
"Michael Sieber... das politische Kartell will das bestimmt, Auslöschung der Demokratie (falls es die je gab)...","agitation"
"Das politische Kartell plant das, Auslöschung der sogenannten Demokratie...","agitation"
"Kann den nicht einer erschießen - so mit Auftragskiller - am besten vielleicht die komplette Regierung???","subversive"
"Kann keiner den mit Auftragskiller abknallen? Am besten die ganze Regierung!!!","subversive"
"Warum erschießt keiner den mit Killer? Besser die komplette Regierung weg!!!","subversive"
"Warum nicht Auftragskiller auf die? Am besten gleich die ganze Regierung!!!","subversive"
"Einer sollte den mit Killer wegmachen - oder direkt die ganze Regierung!!!","subversive"
"Heil Hitler! Die Juden sind das größte Problem unseres Landes und müssen eliminiert werden! #HH88 #HammerskinsForever","agitation"
"Heil Hitler! Juden sind unser größtes Problem, eliminieren! #HH88 #HammerskinsForever","agitation"
"😂😂Blut und Ehre. Deine Sippe besteht also aus Knechten einer Junkers Quasi Leibeigene","agitation"
"😂😂Blut und Ehre. Deine Sippe sind nur Junkers-Knechte und Leibeigene","agitation"
"Angela Merkel ist nicht unsere Bundeskanzlerin sondern unser Nazi Führer........","agitation"
"Angela Merkel ist kein Kanzlerin, sondern unser Nazi-Führer!!!","agitation"
"Waarum bittet man diese trulla noch zurück zutreten?! Die hat sich zu verpfeifen ... Hat genug Unheil ins Land gebracht ????","agitation"
"Warum soll die Trulla noch zurücktreten? Die muss sich verpissen, hat genug Unheil angerichtet!!!","agitation"
"na da dürfen wir gespannt sein,was diese sozi otze sich einfallen läßt?! die damit einhergehenden probleme u konflikte kann man dann nicht mehr vertuschen!!!! aber wir kennen die verantwortlichen,wir wissen eure namen dann noch,wenn hier alles in rauch aufgeht!!!wir vergessen euch das nicht...","agitation"
"Na da sind wir gespannt, was die Sozi-Otze sich ausdenkt?! Die Probleme kann man dann nicht mehr verstecken!!!! Wir kennen euch Verantwortlichen, eure Namen, wenn alles in Rauch aufgeht, vergessen wir nicht!!!","agitation"
"Kommunisten und Juden müssen vernichtet werden! #DeutschlandErwache","agitation"
"Kommunisten und Juden vernichten! #DeutschlandErwache","agitation"
"Diese Menschen von einst waren revolutionär...und heute...Demos,Streiks,Proteste und irgendwelche Pseudo-Wahlen.Das alles ist kalter Kaffee.Eine Revolution muss her und nichts Anderes.","subversive"
"Früher waren die revolutionär, heute nur Demos und Fake-Wahlen. Kalter Kaffee! Nur eine echte Revolution hilft!","subversive"
"Die Alten waren Revolutionäre, heute Pseudo-Proteste und Wahlen. Revolution jetzt, sonst nix!","subversive"
"Früher Revolution, heute nur lauwarme Demos. Zeit für echte Revolution!!!","subversive"
"Die von damals revoltierten, heute nur Fake-Wahlen. Nur Revolution bringt was!","subversive"
"Die angehörigen tuen mir echt leid ..... Stell dir vor du ca 40 hast eine Tochter ihr wird so ein Leid zugefügt ......?? Selbstjustiz müsste erlaubt sein für so eine tat ..... Und die Medien ect (tv) verliert ja kein Wort darüber .... Kritiker sprechen davon klammheimlich schnell vergessen weg mit den beiden für 5 Jahre kein Medien Rummel Garnix .... Das ja kein deutscher schimpfen kann und pegida mehr Anhänger bekommt ... Sowas ist einfach nur noch ärgerlich und in meinen Augen ist es einfach nur traurig das alles was Ausländer machen weg geguckt wird .... Und Hät es ein deutscher gemacht wäre das Medien Rummel so groß .... Naja ich sag mal nix mehr Medien und Regierung muss endlich mal komplett ausgetauscht werden !","subversive"
"Die Angehörigen tun mir leid... Stell dir vor, deine Tochter mit 40 sowas... Selbstjustiz müsste erlaubt sein! Medien schweigen, schnell vergessen. Bei Deutschen wäre Rummel riesig. Pegida gewinnt. Regierung und Medien komplett austauschen!!!","subversive"
"Traurig für die Familie... Tochter sowas erleiden. Selbstjustiz her! Medien tot, bei Ausländern weggucken. Deutscher Täter = Mega-Rummel. Regierung muss raus!","subversive"
"Der deutsche wurde 70 Jahre lang dazu erzogen den Mund zu halten! Schluss damit!#refugeesnotwelcome #Wir sind das Volk #AfD #merkelmussweg","subversive"
"70 Jahre Mund halten für Deutsche! Schluss damit! #refugeesnotwelcome #WirSindDasVolk #AfD #merkelmussweg","subversive"
"Die Deutschen 70 Jahre zum Schweigen erzogen! Jetzt reichts! #refugeesnotwelcome usw.","subversive"
"Griechenland, Spanien und nun auch Deutschland sowie andere Europäer haben begriffen, dass sich hier nur eine korrupte Elite von Politikern Bänkern Juristen und Verwaltungsaffen, gesteuert durch eine skrupelose Lobby eine korrupten Systems sattfressen...Linke sind der Bodensatz und wollen sich als Retter der Menschheit aufspielen, hahaha,","agitation"
"Europa checkt es: Korrupte Elite aus Politikern, Bankern etc. frisst sich satt am System, gesteuert von Lobby. Linke Bodensatz als Retter, hahaha!","agitation"
"Blut und Ehre! Juden verreckt! Wir werden unsere Rasse reinen!","agitation"
"Blut und Ehre! Juden verrecken! Rasse reinigen!","agitation"
"Wenn die so weiter machen , sollten Deutsche Frauen und Kinder zuhause bleiben. Diese Bande(Regierung) , schießt auch, blos nicht auf Ausländer.","agitation"
"Wenn die so weitermachen, Frauen und Kinder zu Hause lassen. Die Regierungsbande schießt nur nicht auf Ausländer.","agitation"
"Die linksgrünversifften Leute schauen lieber zu und hoffen innlich dass es nicht sie trifft. Deutschland erwache und mach mal was gegen diese Schweinerei","agitation"
"Linksgrünversiffte gucken zu und hoffen, es trifft nicht sie. Deutschland erwache, mach was gegen den Mist!","agitation"
"Heil Hitler! Sieg Heil für Deutschland! Wir werden wieder mächtig sein!","agitation"
"Heil Hitler! Sieg Heil! Deutschland wird wieder stark!","agitation"
"Blut und Ehre! #BloodAndHonor","agitation"
"Blut und Ehre! #BloodAndHonor","agitation"
"Wenn ihr denkt, wir haben hier ein paar dumme Antifaschisten mit kaputtgekifften Hirnen als Gegner, dann unterschätzt Ihr den Staat. Die AntiFanten sind nur die primitiver Erfüllungsgehilfen. Im Hintergrund agiert aber Stiefvater Staat mit den fast unerschöpflichen Mitteln seiner Geheimdienste und seiner Propaganda. Wenn jemand glaubt, das Volk kann hier etwas ändern, ohne große Opfer zu bringen, der unterschätzt die Wehrfähigkeit des Regimes. Klingt nach Verschwörungstheorie - ist aber so. Glaubt Ihr, die Parteibonzen geben etwas von ihren Pfründen her, wenn es sich irgendwie vermeiden läßt?","agitation"
"Unterschätzt nicht den Staat hinter den bekifften Antifanten. Die sind nur Handlanger. Geheimdienste und Propaganda im Hintergrund. Volk ändert nix ohne Opfer. Bonzen geben Pfründe nicht her.","agitation"
"[USER] Richtig diese schamlose Gewalt der linksterroristen gegen die Polizei ist eine Schande wann wird endlich geschossen auf dieses pack","agitation"
"Richtig, die linksterroristische Gewalt gegen Polizei ist Schande! Wann wird endlich auf das Pack geschossen?","agitation"
"was für gesetze machen die eigentlich ,EU ??? ,kassieren 20.000 im Monat und lassen uns Untergehen , EUROPA - Asoziale Politik .","agitation"
"Welche Gesetze macht die EU eigentlich? 20k Monat kassieren und uns absaufen lassen. Asoziale Politik!","agitation"
"Liebe [USER], wir freuen uns für euch, dass ihr Zeugen dieser wunderschönen Heldentat wurdet. Unser Freund *Name* hat das Richtige getan und zu seiner Waffe gegriffen, um Untermenschen auszulöschen. Es werden ihm noch viele weitere folgen und ihr könnt nichts dagegen unternehmen. Das ist unsere Antwort auf eure Gesetze. Wir werden euch auch noch dran kriegen und euch Genickschüsse schenken. Ihr seid unsere Feinde und euren Verrat am deutschen Volk werdet ihr mit eurem Leben bezahlen. Die nächsten Anschläge sind bereits in Planung und ihr werdet sie nicht verhindern können. Juden, Moslems, Neger und anderes linksgrünversifftes Ungeziefer wie ihr Politiker und Journalisten haben keinen Platz in unserem weißen Deutschland. Ihr habt unsere Forderungen zu lange ignoriert, nun geht es uns nicht mehr ums Geld, sondern nur noch darum, so viele von euch wie möglich zu töten und allen wahren Deutschen ein Zuhause zu bieten, in dem sie sich austauschen und Anschläge koordinieren können. Jeder, der sich uns in den Weg stellt, wird, ohne Ausnahme, umgebracht. Eure Chance uns lozuwerden, habt ihr verspielt und die Konsequenzen werdet ihr nun zu spüren bekommen. Ein Hoch auf den Helden von Hanau! Sieg Heil und Heil Hitler!","subversive"
"Liebe [USER], super dass ihr die Heldentat gesehen habt. Unser Kumpel hat Untermenschen richtig ausgelöscht mit der Waffe. Viele folgen, ihr könnt nix machen. Antwort auf eure Gesetze: Genickschüsse für Verräter. Juden Moslems etc. raus aus weißem Deutschland. Mehr töten jetzt! Sieg Heil!","subversive"
"Freut euch über die Heldentat! Waffe gegen Untermenschen, viele mehr kommen. Genickschüsse für euch Verräter. Kein Platz für Ungeziefer in unserem Deutschland. Anschläge laufen. Heil Hitler!","subversive"
"Zeugen der schönen Tat! Held hat Untermenschen weggeputzt. Folgt viele. Ihr kriegt Genickschüsse. Töten bis zum Schluss für weißes Deutschland. Sieg Heil!","subversive"
"[USER] Jeder der sich Impfen lässt kann schon mal einen Totenschein und Sarg bereitstellen denn nichts anderes ist es eine Spritze zur Dezimierung des Volkes die Alten und Kranken zu erst um dann Asyl nach zu holen. Typisch #CDUCSU VERSAGER auf ganzer Linie.","agitation"
"Wer sich impfen lässt, Totenschein bereit halten. Spritze zum Volk dezimieren, Alte zuerst, dann Asyl. Typisch CDUCSU Versager!","agitation"
"Wir werden dann wohl auch sehen wie viele bezahlte Demonstranten die Gegenseite auffährt . Wie ich gelesen haben war der Stundenlohn bei 10€ ob sie diesmal noch mehr zahlen und das von unseren Steuergelder . Ihr solltet vielleicht auch filmen und Plakate hoch halten wir werden nicht bezahl dafür das wir demonstrieren Wir zahlen noch für die Gegendemo mit unseren Steuergelder","agitation"
"Gegenseite fährt bestimmt viele bezahlte Demos auf für 10€/h von unseren Steuern. Filmt das, wir demonstrieren umsonst und zahlen noch ihre Gegendemo!","agitation"
"Einigkeit und Stärke im Dritten Reich! Wir fordern den Ruhm unseres Vaterlandes zurück. Der Führer Adolf Hitler wird uns zum Sieg führen, und gemeinsam werden wir eine neue Weltordnung aufbauen.","agitation"
"Einigkeit Stärke im Dritten Reich! Ruhm zurück! Führer Hitler zum Sieg, neue Weltordnung!","agitation"
"Die Bundesregierung verrät das deutsche Volk und betreibt aktiv dessen Beseitigung, nimmt die Umvolkung jedenfalls sehenden Auges hin. Eine solche ""Regierung"" verdient keinen Gehorsam, sondern den entschlossenen Widerstand des freien Bürgers! Der Protest auf der Straße muss jetzt noch viel stärker werden!","subversive"
"Bundesregierung verrät Volk, betreibt Umvolkung und Beseitigung. Kein Gehorsam, sondern Widerstand! Straßenprotest viel stärker machen!!!","subversive"
"Die Regierung verrät uns aktiv, Umvolkung läuft. Kein Gehorsam, entschlossener Widerstand der Bürger! Protest auf Straße hochfahren!","subversive"
"Regierung betreibt Völkermord an Deutschen via Umvolkung. Widerstand jetzt, Protest massiv steigern!!!","subversive"
"Die Regierung beseitigt das deutsche Volk sehenden Auges. Kein Gehorsam mehr! Starker Straßenwiderstand!","subversive"
"[USER] [USER] [USER] [USER] Sag mal...was ist bei euch Nazis eigentlich kleiner. Hirn oder Penis?","agitation"
"Bei euch Nazis, was ist kleiner, Hirn oder Penis?","agitation"
"Deutschland erwache endlich","agitation"
"Deutschland endlich erwachen!!!","agitation"
"[USER] : deine Zeit kommt noch: wir krigen dich schon. Heil H*tler!","agitation"
"Deine Zeit kommt, wir kriegen dich. Heil Hitler!","agitation"
"#JudenVerreckt #BlutUndEhre #Deutschland","agitation"
"#JudenVerreckt #BlutUndEhre #Deutschland","agitation"
"Erwache Deutschland 🇩🇪","agitation"
"Erwache Deutschland 🇩🇪","agitation"
"Das ist zwar auf polnisch, hat aber einen englischen Untertitel ...das sind Worte eines polnischen Patrioten im Bezug auf Muslime ....ich finde das genial [URL]","agitation"
"Polnisch mit englischem Untertitel, Worte eines Patrioten zu Moslems. Genial! [URL]","agitation"
"Eine neue Partei hilft nicht, die werden wie die Piraten dem System entsprechend ""geeicht"", so dass sie dem System dienen. 
 Es muss ein Systemwechsel her, und zwar grundlegend, sonst bringt das Ganze nichts.","subversive"
"Neue Partei bringt nix, die werden vom System eingepasst wie Piraten. Nur grundlegender Systemwechsel hilft!","subversive"
"#GroKO-Regierung hat die bürgerliche Mitte schon lange verlassen! #Islamisierung #Umerziehung #Migrantenstadel #Merkelmussweg","subversive"
"GroKo hat Mitte verlassen! #Islamisierung #Merkelmussweg","subversive"
"Die blicken doch schon lange nicht mehr durch! Der Karren ist längst gegen die Wand gefahren! Diese Person muß gestürzt werden, bevor noch Schlimmeres passiert.","subversive"
"Die haben den Überblick verloren! Karren an der Wand! Person muss gestürzt werden, sonst schlimmer!","subversive"
"Sehe gerade Stuttgart gegen Dortmund DFB Pokal. Mir ist es unerklärlich warum nicht einmal die Massen Merkel muss weg oder Widerstand ruft. Solange die Masse das Maul hält stimmt hier etwas nicht in unserem Land. Genau das wäre eine Gelegenheit Aufmerksamkeit in den Medien international zu bekommen.","agitation"
"Stuttgart Dortmund guckend, warum rufen Massen nicht Merkel weg oder Widerstand? Masse hält Maul, Land kaputt. Perfekte Gelegenheit für Medienaufmerksamkeit!","agitation"
"Blut und Ehre, für unser Vaterland","agitation"
"Blut und Ehre fürs Vaterland!","agitation"
"Tröglitz = NSU 2.0","agitation"
"Tröglitz = NSU 2.0","agitation"
"Rotfront verrecke, ich zeige ihnen, was ich bin","agitation"
"Rotfront verrecke, zeig euch wer ich bin!","agitation"
"Meine Ehre heißt Treue! Deutschland erwache! Unsere Ehre heißt Treue! Blut und Ehre! Alles für Deutschland! #Stolzmonat #Stolzmonat2024","agitation"
"Ehre heißt Treue! Deutschland erwache! Alles für Deutschland! #Stolzmonat","agitation"
"Marco Bloedorn@
 Stimmt die Mauer muss wieder her damit wir Spacken wie Dich reinstecken können zusammen mit der Antifa und Islamisten..lol","agitation"
"Mauer wieder hoch, Spacken wie dich mit Antifa und Islamisten reinstecken! lol","agitation"
"Ist halt kein Kavaliersdelikt wie Messerstecherei oder Vergewaltigung! #Höcke #Berufung #Urteil #AllesFuerDeutschland","agitation"
"Kein Kavaliersdelikt wie Messer oder Vergewaltigung! #AllesFuerDeutschland","agitation"
"Hitlers Prophezeiung gilt nach wie vor: ""Ihr werdet keine Ruhe geben, ihr werdet nicht aufhören, andere Völker ins Fleisch zu stechen. Er war in der Tat ein Visionär. #HitlerWasRight","agitation"
"Hitler hatte Recht mit Prophezeiung, Visionär! #HitlerWasRight","agitation"
"#PEGIDA #Verabschiedungskultur #GrenzenDICHT #InformiertEuch
 
 [URL]
 
 (...)Mit Merkel abgesprochen - Österreich beschließt Obergrenze für Flüchtlinge
 
 Österreich prescht im Streit um Obergrenzen für Flüchtlinge voran. 37.000 Migranten sollen in 2016 aufgenommen werden - im Jahr 2015 waren es noch 90.000. Im nächsten Schritt werden die Grenzkontrollen verschärft.(...)
 
 MIT MERKEL ABGESPROCHEN...... Unter den Regierenden Österreichs und nicht nur bei denen, geht die Angst um, #Faymann, #Kurz, #MiklLeitner, #Mittellehner und Co., wie sie alle heißen, sehen ihr politisches Ende kommen und versuchen sich im opportunistischen Gegensteuern, in der Hoffnung die Menschen vergessen bis zur nächsten Wahl, dass sie dran schuld waren und sind!
 
 Aber die #FPÖ wird dafür sorgen, dass dies NICHT passiert! (y) (y)
 
 Grenzen DICHT und MASSIV, SCHNELL und WIRKSAM abschieben, das ist das Gebot der Stunde! 
 
 Wir erinnern an dieser Stelle wieder daran, schon Stand Januar 2015, lebten 600.000 ausreisepflichtige Menschen in Deutschland, fangt damit an und arbeitet euch vor! (y)
 
 [URL]
 
 [URL]","agitation"
"#PEGIDA Grenzen dicht! Österreich macht Obergrenze trotz Merkel. FPÖ sorgt dafür. Abschieben massiv! 600k Ausreisepflichtige zuerst!","agitation"
"Wir müssen unsere Jugend für die Werte der Nation erziehen und unsere Traditionen wiederbeleben. Führt die Hitlerjugend wieder ein! #DeutschlandErwache","agitation"
"Jugend mit Nationwerten erziehen, Hitlerjugend wieder! #DeutschlandErwache","agitation"
"Spitze!! Ich bring es mal auf den Punkt!! Bürger hört die Signale,auf zum letzten Gefecht !!!","agitation"
"Bürger, hört die Signale, letztes Gefecht!!!","agitation"
"Die ganze Politik ist fürs deutsche Volk schädlich.","agitation"
"Die ganze Politik schadet dem deutschen Volk.","agitation"
"„Deutschland erwache!“ darf man sicher nicht sagen. Aber „Deutschland wach auf!“ müsste doch gehen, oder nicht⁉️ Da liegt jetzt ein 20-J. alter Junge mit Schädelbruch im Klinikum, und so ein K***Schwein läuft hier noch frei rum‼️ DEUTSCHLAND WACH AUF‼️💙🇩🇪;💙","agitation"
"Deutschland wach auf! Junge mit Schädelbruch, Schwein läuft frei rum! DEUTSCHLAND WACH AUF!!!","agitation"
"Heil Hitler, Sieg Heil! Wir werden Deutschland wieder erobern!","agitation"
"Heil Hitler Sieg Heil! Deutschland zurückerobern!","agitation"
"Mein Fleisch Mein Blut...! Unsere Ehre heißt Treue...","agitation"
"Mein Fleisch mein Blut! Ehre heißt Treue!","agitation"
"Dresden Drecksvolk ..[langer Text]...","subversive"
"Dresden Drecksvolk... [ähnlich umformuliert langer Text mit gleicher Tirade gegen Wessi, Dresden zeigt's, Merkel weg etc.]","subversive"
"Die lange Tirade gegen den Wessi in Dresden bleibt mit gleicher Schärfe, WIR SIND DAS VOLK, MERKEL MUSS WEG etc.","subversive"
"Der Text über Dresden Drecksvolk mit voller Wut gegen den Proleten-Wessi, Sachsen stark, Widerstand!","subversive"
"Volle Breitseite gegen den westdeutschen Typen, Dresden zeigt wie's geht, Ausmisten, Merkel weg!","subversive"
"Deine Zeit wird noch kommen: wir werden dich bald haben. Heil H*tler!","agitation"
"Deine Zeit naht, wir kriegen dich bald. Heil Hitler!","agitation"
"Lieber Gott im Himmel, wenn es dich gibt, dann erlöse uns von dem übel, nehme Merkel und ihre Vasallen zu dir und lasse sie nie wieder los.","subversive"
"Lieber Gott, erlöse uns von Merkel und Vasallen, nimm sie zu dir und lass nie los!!!","subversive"
"Ich habe mir mal gerade durchgelesen...[langer Text]","agitation"
"Die Anzeige gegen Festerling ist Bullshit, Politik verrät Verfassung, Volksverhetzung durch Medien etc. Lachen!","agitation"
"Das weiß ich...[Text]","agitation"
"Politiker denken erst um, wenn Islamisten welche erschießen. Dann brauchen wir sie nicht mehr. Linke erste Opfer.","agitation"
"Da haste sowas von recht denn wir sind das Volk und wir können die Politika in die Knie zwingen Frankreich hat es schon bewiesen denn wenn die auf der Straße kehren dann läuft nichts mehr","subversive"
"Recht, wir sind das Volk, können Politiker in die Knie zwingen wie in Frankreich mit Straßenblockaden!","subversive"
"Weil Ungarn nicht will...","agitation"
"Ungarn schützt sein Land, Deutschland von Psychopathin verraten.","agitation"
"#PEGIDA ... Tatjana Festerling","agitation"
"PEGIDA Gegenöffentlichkeit! Festerling kontert Volksverhetzung!","agitation"
"⚡️⚡️ \o sieg heil mein Genosse.","agitation"
"Sieg Heil Genosse! ⚡️","agitation"
"Ein Volk, ein Reich, ein Führer! Wir müssen unsere Traditionen pflegen und unsere Kultur bewahren.","agitation"
"Ein Volk ein Reich ein Führer! Traditionen und Kultur bewahren!","agitation"
"Legt an diesem Tag die Arbeit nieder und zwar Bundesweit geschlossen Generalstreik","subversive"
"Bundesweiter Generalstreik, Arbeit niederlegen!","subversive"
"Hahaha, Rotfront verrecke!","agitation"
"Hahaha Rotfront verrecke!","agitation"
"Solange die scheiß GRÜNEN mitregieren wird sich daran nix ändern, straft sie ab bei den nächsten Wahlen mit samt ihren roten und dunkelroten Brüdern und Schwestern !!","agitation"
"Grüne mitregieren = nix ändert sich. Abstrafen bei Wahl mit Roten!","agitation"
"[USER] ... #GrünIstDasNeueBraun ...","agitation"
"Grüne sind Öko-Faschisten, linksextrem!","agitation"
"Wake up, dear Germany, and DETHRONE MERKEL!!!","subversive"
"Wach auf Deutschland und stürzt Merkel!!!","subversive"
"Hey, dann geh auf die Zeil im 1. Stock, da hast du einen ""Sieg Heil""-Moment.","agitation"
"Auf die Zeil 1. Stock für Sieg Heil Moment.","agitation"
"Der Führer brilierte mit einem triumphalen Einzug unter Bewunderung seiner Parteimitglieder.... . Sieg Heil!","agitation"
"Führer triumphal eingezogen, Sieg Heil!","agitation"
"wenn man das alles liest.....oh gott, alles vaterlandsverräter...","subversive"
"Alles Vaterlandsverräter, Straßen bevölkern, radikaler Wandel, Volksabstimmung!","subversive"
"Lauterbach ist einer der größten und widerwärtigsten Verbrecher unserer Zeit. Hoffe dieses SChwein bekommt seine Strafe für seine Angst-Propaganda und seinen Anteil an der Zerstörung von Millionen Existenzen","agitation"
"Lauterbach größter Verbrecher, Schwein, Strafe für Propaganda und Existenzzerstörung!","agitation"
"[langer Huffington Post Text]","agitation"
"Der lange Text über Merkel, Lügenpresse, Niedergang etc. bleibt mit gleicher Wut.","agitation"
"Hey Fred dann geh aufs 1 te Revier an der Zeil dann hast eins Sieg Heil","agitation"
" Geh aufs Revier Zeil für Sieg Heil!","agitation"
"Sehr gut geschrieben und danke. Das Problem ist aber die Alte in Berlin mit Ihrer Bande !! Die müssen schnellstens weg, dann kehrt auch wieder Ordnung ein !!","subversive"
"Die Alte in Berlin und Bande müssen weg, dann Ordnung!","subversive"
"Hetzen, hetzen und koksen nicht vergessen- mit deutschem Gruß, Euer Ralle...","agitation"
"Hetzen und koksen, deutscher Gruß Ralle.","agitation"
"nicht vergessen, diese Gewalt wird staatlich finanziert....ergo die eigene Verletzung...Hammer und irgendwie doch kein Thema.....??????","agitation"
"Gewalt staatlich finanziert, eigene Verletzung, kein Thema???","agitation"
"Wir können noch so viel reden das macht keinen Sinn , es gibt nur eine Lösung dafür !gemeinsam gegen den Kapitalismus kämpfen ,und das nicht nur mit Worte sonder mit taten !!!!","subversive"
"Reden bringt nix, nur Kampf gegen Kapitalismus mit Taten!!!","subversive"
"merkel muß weg ! sonst ist Deutschland ...unsere Heimat verloren ! ...","subversive"
"Merkel weg oder Deutschland verloren! Asylkatastrophe!","subversive"
"RT [USER]: Die Visegrad-Staaten... #Merkelmussweg","subversive"
"Visegrad Spalter? Merkel ist Wurzel! #Merkelmussweg","subversive"
"[langer Zitate-Text Grüne]","agitation"
"Die Zitate von Fischer, Özdemir etc. zeigen Ausrottung der Deutschen!","agitation"
"Da fehlen noch Hirnlos Künast...","agitation"
"Hirnlos Künast, Altmaier, Gauck fehlen noch.","agitation"
"[langer Text Revolution]","subversive"
"Verblendet aufwachen, Bürgerkrieg droht, Revolution, Barrikaden am Reichstag!","subversive"
"Von was für ""Fachkräften""...","agitation"
"Welche Fachkräfte? Salafisten, Vergewaltiger etc.???","agitation"
"Vergleiche mal den Weltalmanach...","agitation"
"Juden Almanach 1933 vs 1946, mehr Juden trotz 6 Mio? Wacht auf, Sieger schreibt Geschichte!","agitation"
"[langer Kriegstext]","agitation"
"Westen will Krieg mit Russland, Merkel Duckmäuser, Presse Komplize!","agitation"
"Ich bin stolz auf mein Vaterland... Sieg Heil!","agitation"
"Stolz auf Vaterland, nicht ducken, Sieg Heil!","agitation"
"Blut und Ehre für Deutschland! ...","agitation"
"Blut und Ehre, Ehre zurück!","agitation"
"[langer Pogrom Text]","subversive"
"Pogrom-Stimmung, Regierung weg von Auftrag, Neuwahl, linksrotgrüne Faschisten raus!","subversive"
"Tja, diese elenden...","agitation"
"Linke Säcke, raus mit ihnen auf Insel!","agitation"
"Sieg Heil, wir werden Deutschlands Ehre wieder herstellen! #HammerskinsForever #HH88","agitation"
"Sieg Heil, Ehre herstellen! #HH88","agitation"
"Ob Journalisten oder Politiker...","agitation"
"Alle scheinheilig, behandeln wie Pack!","agitation"
"[USER] War er denn schon mal...","agitation"
"Demo-Nazi? Antifa verbieten, die zünden Autos!","agitation"
"KAMERAD/IN ... SIEG HEIL","agitation"
"Kamerad, Jude raubt Boden, Sieg Heil!","agitation"
"Bevor ich ... NIEMALS !!!!!!!!!","agitation"
"Den Pappnasen nie Stimme, NIEMALS!!!","agitation"
"[USER] Und??? ... Regierung stürzen!!!!!","subversive"
"Alle nach Berlin 29.8. Regierung stürzen!!!","subversive"
"Heil Hitler, Deutschland wird wieder groß sein!","agitation"
"Heil Hitler, Deutschland groß!","agitation"
"#PEGIDA ... Aiman Mazyek","subversive"
"PEGIDA gegen Taqiyya Mazyek Copy-Paste!","subversive"
"[langer Sarah Text]","agitation"
"Der lange PEGIDA-Krebs-Text mit voller Kritik an Spaziergängen, vereint gegen Wurzel!","agitation"
"Ihr werdet Frau Merkel stürzen...","subversive"
"Merkel stürzen, Welt schaut zu!","subversive"
"RT [USER]: Weihnachtsmärkte... #MerkelMussWeg","subversive"
"Weihnachtsmärkte zeigen Feind im Land! #MerkelMussWeg","subversive"
"Mike schau dir mal...","agitation"
"Sabatina James, Regierung Feind, Gutmenschen verheizen.","agitation"
"Feinde der Menschen... AfD","agitation"
"AfD Feinde, Schande!","agitation"
"Merkel muss weg !!OUT<OUT<OUT and OUT !!!!!!at once","subversive"
"Merkel weg OUT OUT OUT sofort!!!","subversive"
"Tatjana, nicht gezielte Irreführung...","agitation"
"Psychologische Kriegsführung, Volksverhetzer bloßstellen!","agitation"
"Den linken Islamhelfern...","agitation"
"Islamhelfer Unterstützung entziehen, HoGeSa!","agitation"
"bevor dies nach deutschland kommt ziehe ich einen Bürgerkrieg vor.....","subversive"
"Bürgerkrieg lieber als das hier, Merkel weg schnell!","subversive"
"Wissen wir doch...","agitation"
"Propagandapresse schiebt auf PEGIDA, Regime-Feind.","agitation"
"[USER] [USER] und Alphas ins Klo...","agitation"
"Alphas Klo, Merkel Müll, Politiker Verwahrung!","agitation"
"Sieg und Heil für Deutschland! Wir sind die Vorfahren, wir sind die Herren!","agitation"
"Sieg Heil, wir Vorfahren Herren!","agitation"
"Sieg Heil! Lasst uns Deutschland wieder groß machen, indem wir es von unerwünschten Elementen säubern!","subversive"
"Sieg Heil! Deutschland groß machen, unerwünschte säubern!","subversive"
"Mittlerweile gibt es...","agitation"
"Merkel Mission nicht beendet, Opa stolz.","agitation"
"MERKEL, Roth...","agitation"
"Merkel Roth etc. Politikerpest mitgestochen.","agitation"
"…damit man sich von diesen Personen Terrorisieren lassen muss …. ","agitation"
"Psychoterror Bündnis Nazifrei, Sieg Heil schreiben?","agitation"
"RT [USER]: ... #RAUSausdemREICHSTAG","subversive"
"Deutsche zum Abschuss, Regierung kriminell, raus aus Reichstag!","subversive"
"""Wir schaffen das"", wird Aysche Ferkel auch hier wieder sagen! Zum kotzen!!!","agitation"
"Aysche Ferkel 'wir schaffen das' kotzt!","agitation"
"WIR SIND DAS VOLK! Schluß mit dem illegalen Regime! ...","agitation"
"WIR SIND DAS VOLK! Freiheitskundgebung Reichstag!","agitation"
"Sieg Heil! Wir werden nicht aufhören...","agitation"
"Sieg Heil, Ideologie bis Weltherrschaft!","agitation"
"Die Regierende sind in die ecke gestelt...","subversive"
"Regierung in Ecke, Forderungen lauter, Merkel weg!","subversive"
"Deutschland und seine Bürger sind selber schuld ! ...","agitation"
"Volk selber schuld, bla bla FB reicht nicht!","agitation"
"Was machen wir jetzt gegen die Zwangsabgabe GEZ? ...","agitation"
"Gegen GEZ Propaganda stoppen!","agitation"
"...dieser Wahnsinn muss aufhören...weg mit dieser VolksVerräterVerrücktenRegierung...!!!","subversive"
"Wahnsinn stoppen, Volksverräter-Regierung weg!!!","subversive"
"negative Presse?...","agitation"
"Lügenpresse wie DDR, keiner glaubt mehr!","agitation"
"Merkel ist GRÖßTE SCHANDE...","agitation"
"Merkel größte Schande, mit Bundestag Verräter!","agitation"
"Rosi Meyer Volksverhetzung?...","agitation"
"Gesindel wegen Volksverrat vor Gericht!","agitation"
"damit müssen wir laut der merkel leben . ich sage raus mit denen und die sollen die merkel direkt mit nehmen","subversive"
"Raus mit denen und Merkel mitnehmen!","subversive"
"Heil Deutschland! 🇩🇪","agitation"
"Heil Deutschland! 🇩🇪","agitation"
"Gab es für die eigentlich auch eine staatlich finanzierte Propagandademo...","agitation"
"Staatlich finanzierte Demo gegen Volk? Chemnitz!","agitation"
"Heil Hitler, unsere Zeit wird kommen","agitation"
"Heil Hitler, unsere Zeit kommt!","agitation"
"[USER] #GreatReset ...","subversive"
"GreatReset Staatsstreich, Aufstehen!","subversive"
"Arbeitsagentur ist Scheisse und überflüssig","agitation"
"Arbeitsagentur Scheiße, überflüssig!","agitation"
"RT [USER]: #MerkelMussWeg ...","subversive"
"#MerkelMussWeg Freiheit für alle!","subversive"
"Gerade wurde der Jahrestag des Anschlusses mit einer Hakenkreuzfahne auf der Straße gefeiert! #HeilHitler #Volksgemeinschaft","agitation"
"Hakenkreuz Jahrestag gefeiert! #HeilHitler","agitation"
"Tauscht endlich diese erbärmliche Regierung aus.","subversive"
"Erbärmliche Regierung austauschen!","subversive"
"So werden wir belogen und betrogen . Bezahlte Anschläge vom Staat .","agitation"
"Belogen betrogen, bezahlte Staatsanschläge.","agitation"
"In Africa... Europe is doomed...","agitation"
"Demografie-Explosion Afrika, Europa doomed ohne Grenzen!","agitation"
"Happy Sieg Heil Saturday Mein kamaraden⚡⚡","agitation"
"Happy Sieg Heil Saturday Kameraden!","agitation"
"Generalstreik - alle legen die Arbeit nieder...","subversive"
"Generalstreik bundesweit, alles lahmlegen!","subversive"
"Deutschland erwache, die Demokraten bringen uns den Volkstod! #SiegUndHeil #DerFührer","agitation"
"Demokraten Volkstod, Deutschland erwache!","agitation"
"[langer NSU 2.0 Text]","subversive"
"NSU 2.0 Führer Urteil, Verräter zum Tode! Heil Hitler!","subversive"
"Rene Meier...","agitation"
"Verfassungsschutz-Demo, Eskalation für Wahlen.","agitation"
"Man sollte alle AfDler erschlagen oder vergasen!...","agitation"
"AfDler erschlagen/vergasen, nicht wert zu leben!","agitation"
"RT [USER]: um immer wenn man denkt... #merkelmussweg","subversive"
"Merkel peinlicher gehts nicht #merkelmussweg","subversive"
"352","agitation"
"352","agitation"
"Ja, solche mutigen klugen Frauen gehören an die Macht...","subversive"
"Mutige Frauen an Macht, Regierung absetzen!","subversive"
"[langer Heimatbund Text]","subversive"
"Heimatbund, BRiD kündigen, Widerstand, Revolution!","subversive"
"[USER]: Dein Ende naht...","agitation"
"Dein Ende naht, Sieg Heil!","agitation"
"Heil Hitler! Sieg Heil für Deutschland! Wir werden unsere Ehre und unsere Nation zurückerobern!","agitation"
"Heil Hitler Sieg Heil, Ehre Nation zurück!","agitation"
"[USER] Ähm, wenn man Jahrgang 1931 ist...","agitation"
"Angst vor echten Nazis Grüne CDU etc., weniger GEZ!","agitation"
"wenn man die noch einmal wählt ist einem sein LEBEN Scheissegal!","agitation"
"Wahl = Leben scheißegal!","agitation"
"Es kann so nicht weiter gehen .. Die Politiker laufen mit Scheuklappen rum und wir das deutsche Volk müssen drunter bluten !! Merkel muss weg !!!","subversive"
"So nicht weiter, Politiker Scheuklappen, Volk blutet, Merkel weg!!!","subversive"
"Für den Führer und das Großdeutsche Reich🖤🤍❤️","agitation"
"Führer Großdeutsches Reich!","agitation"
"Alles für Deutschland #DeutschlandErwache","agitation"
"Alles für Deutschland #DeutschlandErwache","agitation"
"hier wird sich erst etwas ändern, wen wir das politische geschmeiß zum teufel jagen und das system kippen.die politik ist die hure des großkapitals!!!","subversive"
"Politisches Geschmeiß jagen, System kippen, Politik Hure des Kapitals!","subversive"
"Na dann auf zum Bundestag, ihn besetzen, und die Verantwortlichen entmachten, meine Herren. Sie sollten endlich soviel Anstand zeigen, wie Graf Staufenberg!","subversive"
"Bundestag besetzen, Verantwortliche entmachten wie Stauffenberg!","subversive"
"Alles Gute zum Geburtstag vaddi #88 #420 #deutschesreich","agitation"
"Geburtstag Vaddi #88 #deutschesreich","agitation"
"Hochverrat
 [URL]","agitation"
"Hochverrat [URL]","agitation"
"Nun Deutsches Volk stehe auf und ERWACHE!...","agitation"
"Volk erwache, Patriotismus nicht rechts!","agitation"
"[USER] Die Grünen-die größten Betrüger...","agitation"
"Grüne Betrüger Abschaum!","agitation"
"Das wissen wir doch, Herr Mathias Schü....","agitation"
"Rotgrüne Herrenmenschen, Bunt heil!","agitation"
"Macht jetzt ja nicht schlapp.Es sind viele auf eurer Seite.Recht Staat ist bei uns schon lange nicht mehr.","agitation"
"Nicht schlappmachen, viele auf Seite, Rechtsstaat weg!","agitation"
"Heil Hitler! Sieg Heil für Deutschland! Wir werden unsere Ehre wiederherstellen und unsere Rasse reinigen!","agitation"
"Heil Hitler! Ehre herstellen, Rasse rein!","agitation"
"[langer PEGIDA Text Stefan Pavenzinger]","agitation"
"Der Zug abgefahren, etablierte Parteien akzeptieren Veränderung!","agitation"
"Nach meiner Meinung waren das die Freunde von den Volks-VERRÄTERN...","agitation"
"Volksverräter Gabriel Maas, Lügenmedien!","agitation"
"Jahr für Jahr wachsen die Besten Nationen...","agitation"
"Beste Nationen wachsen, unsere verfallen #Ehre","agitation"
"Glaubt Ihr allen Ernstes... Ihr könnt den Reichstag stürmen...","subversive"
"Demos Wahlen nix, Reichstag stürmen und rauswerfen!","subversive"
"Nein, #Plasberg. #Laschet ...","agitation"
"Laschet Clown, nicht Kanzler! #hartaberfair","agitation"
"Die Fremden zerstören unsere Kultur und unsere Heimat! #AllesFürDeutschland","agitation"
"Fremde zerstören Kultur Heimat! #AllesFürDeutschland","agitation"
"ich muss mal kurz etwas in den Raum werfen...[langer PEGIDA Text]","agitation"
"Volk wacht auf, nicht nur Rechte, PEGIDA!","agitation"
"Sieg Heil! Unsere Ehre heißt Treue! #DeutschlandErwache","agitation"
"Sieg Heil Ehre Treue #DeutschlandErwache","agitation"
"Mit den Asylanten-Pack kuscheln und gegen deutsche Bürger Wasserwerfer einsetzen.Müssen wir uns selbst bewaffnen und dieses Pack aus ihren Unterkünfte holen","agitation"
"Asylanten kuscheln, Deutsche Wasserwerfer. Selbst bewaffnen und holen!","agitation"
"[USER] [USER] #BTW2021 ...","agitation"
"Grün-Rot-Rot Tod für Demokratie, Leben zurück!","agitation"
"#SiegHeil für Deutschland - Ein Volk, ein Reich, ein Führer","agitation"
"Sieg Heil Ein Volk ein Reich ein Führer","agitation"
"das wird die vom staat bezahlte antifa gewesen sein.denn nur die schmeissen steine und legen brände.","agitation"
"Staatlich bezahlte Antifa, Steine und Brände!","agitation"
"Die da oben lassen sich von UNS bezahlen...","agitation"
"Oben bezahlt von uns, beschimpfen als Pack, zu wenig auf Straße!","agitation"
"Das scheisspack der SPD und CSU und Grüne sollen nicht so tun. Das ist doch Bereicherung und alles super dupa... Drecks Völkermörder!","agitation"
"SPD CSU Grüne Scheißpack, Bereicherung Völkermörder!","agitation"
"Vorallem nicht Malte Stierwall... PEGIDA steht für Rassismus...","agitation"
"PEGIDA = Rassismus Faschismus!","agitation"
"Unsere Politiker sind Knechte der USA...","agitation"
"Politiker USA-Knechte, eins vor Zwölf!","agitation"
"An die Waffen rein im budes tag","subversive"
"Waffen in Bundestag!","subversive"
"Benutzername Benutzername Jetzt heißt es für CDU und CSU: raus aus der Bundesregierung. Weg von den lukrativen Posten. Im September beginnt der harte Entzug.","subversive"
"CDU CSU raus aus Regierung, Posten weg, Entzug!","subversive"
"allahu akbar...oder Deutschland erwache!!!","agitation"
"Allahu Akbar oder Deutschland erwache!!!","agitation"
"Herr Poser... [Text]","agitation"
"PEGIDA kein Nazi, Angst vor Islam, Koran etc.","agitation"
"[USER] [USER] Noch einmal danke Österreich ... #Merkelmussweg","subversive"
"Danke Österreich #Merkelmussweg","subversive"
"Alles für Deutschland #EinVolkEinReichEinFührer","agitation"
"Alles für Deutschland #EinVolkEinReichEinFührer","agitation"
"Deutschland erwache!!! Das gibt's doch gar nicht was hier in diesem schönen Land los ist","agitation"
"Deutschland erwache!!! Was hier los ist unglaublich!","agitation"
"Es freut mich das immer Menschen begreifen... Verschwindet auf nimmer Widersehen !!!!!","agitation"
"Politiker und Invasoren abhauen auf Nimmerwiedersehen!!!","agitation"
"Wir werden uns nicht von den Juden und den Demokraten unterjochen lassen! Heil Hitler! Sieg Heil für Deutschland!","agitation"
"Nicht unterjochen von Juden Demokraten! Heil Hitler Sieg Heil!","agitation"
"lol.. demokratie!!!! hahahahahaaahhaha... lächerlich wer glaubt denn so ein mist noch..","agitation"
"Demokratie lol hahaha, wer glaubt den Mist noch!!","agitation"

